2020883184922324994	https://t.co/ycmigL6sct	https://x.com/i/article/2020881819969916928
2027386287091777694	https://t.co/FHRUy3SlNN	https://x.com/i/article/2027378050992873472
2029237187599036671	https://t.co/2tsbuPm8bB	https://x.com/i/article/2029230214790955008
2032116202517250523	https://t.co/RKg61CL2fr	https://x.com/i/article/2032105557801517062
2043742702349758728	https://t.co/PPy1ZzSwPA	https://x.com/i/article/2043716441413939200
2044454751556014113	https://t.co/yFeIZl2VUC	https://x.com/i/article/2044300305047924737
2044820024695947654	https://t.co/JhlQwNun2d	https://x.com/i/article/2044709663158214656
2045853080034672683	https://t.co/YsD1uzQh2o	https://x.com/i/article/2045839989607641088
2047715075457507452	https://t.co/NUVhD7Ps1G	https://x.com/i/article/2047629246701678592
2050691099241668993	https://t.co/BRrt8nmA1f	https://x.com/i/article/2050683101765128192
2054605442945569184	https://t.co/I4LMeR2DxK	https://x.com/i/article/2054593147406262272
2056060717942677643	https://t.co/vos9LHOq8v	https://x.com/i/article/2056034023340941313
2059393202080407726	https://t.co/Nei8HaZWLI	https://x.com/i/article/2058605438661455872
2061841430684016678	https://t.co/TghRMA8H3C	https://x.com/i/article/2060344915134144513
