2026/07/16 15:30:59.759, NVIDIA GeForce RTX 3090, 1 MiB, 24576 MiB, 0 %
2026/07/16 15:31:00.292, NVIDIA GeForce RTX 3090, 1 MiB, 24576 MiB, 0 %
2026/07/16 15:31:00.821, NVIDIA GeForce RTX 3090, 1 MiB, 24576 MiB, 0 %
2026/07/16 15:31:01.348, NVIDIA GeForce RTX 3090, 1 MiB, 24576 MiB, 0 %
2026/07/16 15:31:01.883, NVIDIA GeForce RTX 3090, 1 MiB, 24576 MiB, 0 %
2026/07/16 15:31:02.419, NVIDIA GeForce RTX 3090, 4 MiB, 24576 MiB, 0 %
2026/07/16 15:31:02.954, NVIDIA GeForce RTX 3090, 4 MiB, 24576 MiB, 0 %
2026/07/16 15:31:03.486, NVIDIA GeForce RTX 3090, 4 MiB, 24576 MiB, 0 %
2026/07/16 15:31:04.014, NVIDIA GeForce RTX 3090, 4 MiB, 24576 MiB, 0 %
2026/07/16 15:31:04.542, NVIDIA GeForce RTX 3090, 4 MiB, 24576 MiB, 0 %
2026/07/16 15:31:05.070, NVIDIA GeForce RTX 3090, 4 MiB, 24576 MiB, 0 %
2026/07/16 15:31:05.597, NVIDIA GeForce RTX 3090, 4 MiB, 24576 MiB, 0 %
2026/07/16 15:31:06.125, NVIDIA GeForce RTX 3090, 4 MiB, 24576 MiB, 0 %
2026/07/16 15:31:06.652, NVIDIA GeForce RTX 3090, 4 MiB, 24576 MiB, 0 %
2026/07/16 15:31:07.179, NVIDIA GeForce RTX 3090, 4 MiB, 24576 MiB, 0 %
2026/07/16 15:31:07.707, NVIDIA GeForce RTX 3090, 4 MiB, 24576 MiB, 0 %
2026/07/16 15:31:08.234, NVIDIA GeForce RTX 3090, 4 MiB, 24576 MiB, 0 %
2026/07/16 15:31:08.761, NVIDIA GeForce RTX 3090, 4 MiB, 24576 MiB, 0 %
2026/07/16 15:31:09.289, NVIDIA GeForce RTX 3090, 4 MiB, 24576 MiB, 0 %
2026/07/16 15:31:09.816, NVIDIA GeForce RTX 3090, 4 MiB, 24576 MiB, 0 %
2026/07/16 15:31:10.343, NVIDIA GeForce RTX 3090, 4 MiB, 24576 MiB, 0 %
2026/07/16 15:31:10.870, NVIDIA GeForce RTX 3090, 4 MiB, 24576 MiB, 0 %
2026/07/16 15:31:11.420, NVIDIA GeForce RTX 3090, 4 MiB, 24576 MiB, 0 %
2026/07/16 15:31:11.958, NVIDIA GeForce RTX 3090, 4 MiB, 24576 MiB, 0 %
2026/07/16 15:31:12.485, NVIDIA GeForce RTX 3090, 4 MiB, 24576 MiB, 0 %
2026/07/16 15:31:13.011, NVIDIA GeForce RTX 3090, 570 MiB, 24576 MiB, 0 %
2026/07/16 15:31:13.534, NVIDIA GeForce RTX 3090, 570 MiB, 24576 MiB, 0 %
2026/07/16 15:31:14.057, NVIDIA GeForce RTX 3090, 570 MiB, 24576 MiB, 0 %
2026/07/16 15:31:14.579, NVIDIA GeForce RTX 3090, 570 MiB, 24576 MiB, 0 %
2026/07/16 15:31:15.102, NVIDIA GeForce RTX 3090, 570 MiB, 24576 MiB, 0 %
2026/07/16 15:31:15.625, NVIDIA GeForce RTX 3090, 570 MiB, 24576 MiB, 0 %
2026/07/16 15:31:16.196, NVIDIA GeForce RTX 3090, 570 MiB, 24576 MiB, 0 %
2026/07/16 15:31:16.774, NVIDIA GeForce RTX 3090, 570 MiB, 24576 MiB, 0 %
2026/07/16 15:31:17.311, NVIDIA GeForce RTX 3090, 718 MiB, 24576 MiB, 35 %
2026/07/16 15:31:17.841, NVIDIA GeForce RTX 3090, 810 MiB, 24576 MiB, 0 %
2026/07/16 15:31:18.377, NVIDIA GeForce RTX 3090, 810 MiB, 24576 MiB, 0 %
2026/07/16 15:31:18.903, NVIDIA GeForce RTX 3090, 1262 MiB, 24576 MiB, 60 %
2026/07/16 15:31:19.431, NVIDIA GeForce RTX 3090, 4018 MiB, 24576 MiB, 64 %
2026/07/16 15:31:19.956, NVIDIA GeForce RTX 3090, 5634 MiB, 24576 MiB, 0 %
2026/07/16 15:31:20.480, NVIDIA GeForce RTX 3090, 5634 MiB, 24576 MiB, 0 %
2026/07/16 15:31:21.003, NVIDIA GeForce RTX 3090, 5634 MiB, 24576 MiB, 0 %
2026/07/16 15:31:21.526, NVIDIA GeForce RTX 3090, 5634 MiB, 24576 MiB, 0 %
2026/07/16 15:31:22.049, NVIDIA GeForce RTX 3090, 5634 MiB, 24576 MiB, 0 %
2026/07/16 15:31:22.573, NVIDIA GeForce RTX 3090, 5634 MiB, 24576 MiB, 0 %
2026/07/16 15:31:23.097, NVIDIA GeForce RTX 3090, 5634 MiB, 24576 MiB, 0 %
2026/07/16 15:31:23.619, NVIDIA GeForce RTX 3090, 5634 MiB, 24576 MiB, 0 %
2026/07/16 15:31:24.144, NVIDIA GeForce RTX 3090, 5634 MiB, 24576 MiB, 0 %
2026/07/16 15:31:24.667, NVIDIA GeForce RTX 3090, 5634 MiB, 24576 MiB, 0 %
2026/07/16 15:31:25.191, NVIDIA GeForce RTX 3090, 5634 MiB, 24576 MiB, 0 %
2026/07/16 15:31:25.714, NVIDIA GeForce RTX 3090, 5634 MiB, 24576 MiB, 0 %
2026/07/16 15:31:26.238, NVIDIA GeForce RTX 3090, 5634 MiB, 24576 MiB, 0 %
2026/07/16 15:31:26.761, NVIDIA GeForce RTX 3090, 5634 MiB, 24576 MiB, 0 %
2026/07/16 15:31:27.284, NVIDIA GeForce RTX 3090, 5634 MiB, 24576 MiB, 0 %
2026/07/16 15:31:27.807, NVIDIA GeForce RTX 3090, 5634 MiB, 24576 MiB, 0 %
2026/07/16 15:31:28.330, NVIDIA GeForce RTX 3090, 5634 MiB, 24576 MiB, 0 %
2026/07/16 15:31:28.853, NVIDIA GeForce RTX 3090, 5634 MiB, 24576 MiB, 0 %
2026/07/16 15:31:29.376, NVIDIA GeForce RTX 3090, 5634 MiB, 24576 MiB, 0 %
2026/07/16 15:31:29.899, NVIDIA GeForce RTX 3090, 5634 MiB, 24576 MiB, 0 %
2026/07/16 15:31:30.422, NVIDIA GeForce RTX 3090, 5634 MiB, 24576 MiB, 0 %
2026/07/16 15:31:30.945, NVIDIA GeForce RTX 3090, 5634 MiB, 24576 MiB, 0 %
2026/07/16 15:31:31.469, NVIDIA GeForce RTX 3090, 5634 MiB, 24576 MiB, 0 %
2026/07/16 15:31:31.992, NVIDIA GeForce RTX 3090, 5634 MiB, 24576 MiB, 0 %
2026/07/16 15:31:32.515, NVIDIA GeForce RTX 3090, 5634 MiB, 24576 MiB, 0 %
2026/07/16 15:31:33.038, NVIDIA GeForce RTX 3090, 5634 MiB, 24576 MiB, 0 %
2026/07/16 15:31:33.561, NVIDIA GeForce RTX 3090, 5634 MiB, 24576 MiB, 0 %
2026/07/16 15:31:34.084, NVIDIA GeForce RTX 3090, 5634 MiB, 24576 MiB, 0 %
2026/07/16 15:31:34.607, NVIDIA GeForce RTX 3090, 5634 MiB, 24576 MiB, 0 %
2026/07/16 15:31:35.130, NVIDIA GeForce RTX 3090, 5634 MiB, 24576 MiB, 0 %
2026/07/16 15:31:35.653, NVIDIA GeForce RTX 3090, 5634 MiB, 24576 MiB, 0 %
2026/07/16 15:31:36.177, NVIDIA GeForce RTX 3090, 5634 MiB, 24576 MiB, 0 %
2026/07/16 15:31:36.701, NVIDIA GeForce RTX 3090, 5634 MiB, 24576 MiB, 0 %
2026/07/16 15:31:37.224, NVIDIA GeForce RTX 3090, 5634 MiB, 24576 MiB, 0 %
2026/07/16 15:31:37.748, NVIDIA GeForce RTX 3090, 6212 MiB, 24576 MiB, 49 %
2026/07/16 15:31:38.272, NVIDIA GeForce RTX 3090, 12988 MiB, 24576 MiB, 100 %
2026/07/16 15:31:38.796, NVIDIA GeForce RTX 3090, 12988 MiB, 24576 MiB, 100 %
2026/07/16 15:31:39.322, NVIDIA GeForce RTX 3090, 12988 MiB, 24576 MiB, 100 %
2026/07/16 15:31:39.847, NVIDIA GeForce RTX 3090, 12988 MiB, 24576 MiB, 100 %
2026/07/16 15:31:40.372, NVIDIA GeForce RTX 3090, 12988 MiB, 24576 MiB, 100 %
2026/07/16 15:31:40.897, NVIDIA GeForce RTX 3090, 12988 MiB, 24576 MiB, 100 %
2026/07/16 15:31:41.421, NVIDIA GeForce RTX 3090, 12988 MiB, 24576 MiB, 100 %
2026/07/16 15:31:41.946, NVIDIA GeForce RTX 3090, 12988 MiB, 24576 MiB, 100 %
2026/07/16 15:31:42.470, NVIDIA GeForce RTX 3090, 12988 MiB, 24576 MiB, 95 %
2026/07/16 15:31:42.995, NVIDIA GeForce RTX 3090, 12988 MiB, 24576 MiB, 100 %
2026/07/16 15:31:43.519, NVIDIA GeForce RTX 3090, 12988 MiB, 24576 MiB, 100 %
2026/07/16 15:31:44.044, NVIDIA GeForce RTX 3090, 12988 MiB, 24576 MiB, 100 %
2026/07/16 15:31:44.567, NVIDIA GeForce RTX 3090, 12988 MiB, 24576 MiB, 100 %
2026/07/16 15:31:45.091, NVIDIA GeForce RTX 3090, 12988 MiB, 24576 MiB, 100 %
2026/07/16 15:31:45.617, NVIDIA GeForce RTX 3090, 12988 MiB, 24576 MiB, 100 %
2026/07/16 15:31:46.141, NVIDIA GeForce RTX 3090, 12988 MiB, 24576 MiB, 100 %
2026/07/16 15:31:46.667, NVIDIA GeForce RTX 3090, 12988 MiB, 24576 MiB, 100 %
2026/07/16 15:31:47.192, NVIDIA GeForce RTX 3090, 12988 MiB, 24576 MiB, 100 %
2026/07/16 15:31:47.717, NVIDIA GeForce RTX 3090, 12988 MiB, 24576 MiB, 100 %
2026/07/16 15:31:48.241, NVIDIA GeForce RTX 3090, 12988 MiB, 24576 MiB, 100 %
2026/07/16 15:31:48.765, NVIDIA GeForce RTX 3090, 12988 MiB, 24576 MiB, 100 %
2026/07/16 15:31:49.292, NVIDIA GeForce RTX 3090, 12988 MiB, 24576 MiB, 100 %
2026/07/16 15:31:49.817, NVIDIA GeForce RTX 3090, 12988 MiB, 24576 MiB, 100 %
2026/07/16 15:31:50.340, NVIDIA GeForce RTX 3090, 12988 MiB, 24576 MiB, 100 %
2026/07/16 15:31:50.866, NVIDIA GeForce RTX 3090, 12988 MiB, 24576 MiB, 100 %
2026/07/16 15:31:51.392, NVIDIA GeForce RTX 3090, 12988 MiB, 24576 MiB, 95 %
2026/07/16 15:31:51.918, NVIDIA GeForce RTX 3090, 12988 MiB, 24576 MiB, 100 %
2026/07/16 15:31:52.442, NVIDIA GeForce RTX 3090, 12988 MiB, 24576 MiB, 100 %
2026/07/16 15:31:52.965, NVIDIA GeForce RTX 3090, 12988 MiB, 24576 MiB, 100 %
2026/07/16 15:31:53.491, NVIDIA GeForce RTX 3090, 12988 MiB, 24576 MiB, 100 %
2026/07/16 15:31:54.016, NVIDIA GeForce RTX 3090, 12988 MiB, 24576 MiB, 100 %
2026/07/16 15:31:54.541, NVIDIA GeForce RTX 3090, 12988 MiB, 24576 MiB, 100 %
2026/07/16 15:31:55.066, NVIDIA GeForce RTX 3090, 12988 MiB, 24576 MiB, 100 %
2026/07/16 15:31:55.591, NVIDIA GeForce RTX 3090, 12988 MiB, 24576 MiB, 100 %
2026/07/16 15:31:56.117, NVIDIA GeForce RTX 3090, 12988 MiB, 24576 MiB, 100 %
2026/07/16 15:31:56.641, NVIDIA GeForce RTX 3090, 12988 MiB, 24576 MiB, 100 %
2026/07/16 15:31:57.166, NVIDIA GeForce RTX 3090, 12988 MiB, 24576 MiB, 100 %
2026/07/16 15:31:57.691, NVIDIA GeForce RTX 3090, 12988 MiB, 24576 MiB, 100 %
2026/07/16 15:31:58.215, NVIDIA GeForce RTX 3090, 12988 MiB, 24576 MiB, 95 %
2026/07/16 15:31:58.739, NVIDIA GeForce RTX 3090, 12988 MiB, 24576 MiB, 100 %
2026/07/16 15:31:59.263, NVIDIA GeForce RTX 3090, 12988 MiB, 24576 MiB, 100 %
2026/07/16 15:31:59.788, NVIDIA GeForce RTX 3090, 12988 MiB, 24576 MiB, 100 %
2026/07/16 15:32:00.312, NVIDIA GeForce RTX 3090, 12988 MiB, 24576 MiB, 100 %
2026/07/16 15:32:00.836, NVIDIA GeForce RTX 3090, 12988 MiB, 24576 MiB, 100 %
2026/07/16 15:32:01.361, NVIDIA GeForce RTX 3090, 12988 MiB, 24576 MiB, 100 %
2026/07/16 15:32:01.886, NVIDIA GeForce RTX 3090, 12988 MiB, 24576 MiB, 100 %
2026/07/16 15:32:02.410, NVIDIA GeForce RTX 3090, 12988 MiB, 24576 MiB, 100 %
2026/07/16 15:32:02.934, NVIDIA GeForce RTX 3090, 12988 MiB, 24576 MiB, 100 %
2026/07/16 15:32:03.459, NVIDIA GeForce RTX 3090, 12988 MiB, 24576 MiB, 100 %
2026/07/16 15:32:03.984, NVIDIA GeForce RTX 3090, 12988 MiB, 24576 MiB, 100 %
2026/07/16 15:32:04.509, NVIDIA GeForce RTX 3090, 12988 MiB, 24576 MiB, 100 %
2026/07/16 15:32:05.035, NVIDIA GeForce RTX 3090, 12988 MiB, 24576 MiB, 95 %
2026/07/16 15:32:05.559, NVIDIA GeForce RTX 3090, 12988 MiB, 24576 MiB, 100 %
2026/07/16 15:32:06.083, NVIDIA GeForce RTX 3090, 12988 MiB, 24576 MiB, 100 %
2026/07/16 15:32:06.607, NVIDIA GeForce RTX 3090, 12988 MiB, 24576 MiB, 100 %
2026/07/16 15:32:07.132, NVIDIA GeForce RTX 3090, 12988 MiB, 24576 MiB, 100 %
2026/07/16 15:32:07.659, NVIDIA GeForce RTX 3090, 12988 MiB, 24576 MiB, 100 %
2026/07/16 15:32:08.184, NVIDIA GeForce RTX 3090, 12988 MiB, 24576 MiB, 100 %
2026/07/16 15:32:08.708, NVIDIA GeForce RTX 3090, 12988 MiB, 24576 MiB, 100 %
2026/07/16 15:32:09.232, NVIDIA GeForce RTX 3090, 12988 MiB, 24576 MiB, 100 %
2026/07/16 15:32:09.757, NVIDIA GeForce RTX 3090, 12988 MiB, 24576 MiB, 100 %
2026/07/16 15:32:10.284, NVIDIA GeForce RTX 3090, 12988 MiB, 24576 MiB, 100 %
2026/07/16 15:32:10.808, NVIDIA GeForce RTX 3090, 12988 MiB, 24576 MiB, 100 %
2026/07/16 15:32:11.333, NVIDIA GeForce RTX 3090, 12988 MiB, 24576 MiB, 100 %
2026/07/16 15:32:11.858, NVIDIA GeForce RTX 3090, 12988 MiB, 24576 MiB, 95 %
2026/07/16 15:32:12.383, NVIDIA GeForce RTX 3090, 12988 MiB, 24576 MiB, 100 %
2026/07/16 15:32:12.907, NVIDIA GeForce RTX 3090, 12988 MiB, 24576 MiB, 100 %
2026/07/16 15:32:13.431, NVIDIA GeForce RTX 3090, 12988 MiB, 24576 MiB, 100 %
2026/07/16 15:32:13.956, NVIDIA GeForce RTX 3090, 12988 MiB, 24576 MiB, 100 %
2026/07/16 15:32:14.481, NVIDIA GeForce RTX 3090, 12988 MiB, 24576 MiB, 100 %
2026/07/16 15:32:15.006, NVIDIA GeForce RTX 3090, 12988 MiB, 24576 MiB, 100 %
2026/07/16 15:32:15.530, NVIDIA GeForce RTX 3090, 12988 MiB, 24576 MiB, 100 %
2026/07/16 15:32:16.054, NVIDIA GeForce RTX 3090, 12988 MiB, 24576 MiB, 100 %
2026/07/16 15:32:16.579, NVIDIA GeForce RTX 3090, 12988 MiB, 24576 MiB, 100 %
2026/07/16 15:32:17.106, NVIDIA GeForce RTX 3090, 12988 MiB, 24576 MiB, 100 %
2026/07/16 15:32:17.630, NVIDIA GeForce RTX 3090, 12988 MiB, 24576 MiB, 100 %
2026/07/16 15:32:18.155, NVIDIA GeForce RTX 3090, 12988 MiB, 24576 MiB, 100 %
2026/07/16 15:32:18.680, NVIDIA GeForce RTX 3090, 12988 MiB, 24576 MiB, 100 %
2026/07/16 15:32:19.205, NVIDIA GeForce RTX 3090, 12988 MiB, 24576 MiB, 100 %
2026/07/16 15:32:19.729, NVIDIA GeForce RTX 3090, 12988 MiB, 24576 MiB, 100 %
2026/07/16 15:32:20.255, NVIDIA GeForce RTX 3090, 12988 MiB, 24576 MiB, 100 %
2026/07/16 15:32:20.780, NVIDIA GeForce RTX 3090, 12988 MiB, 24576 MiB, 100 %
2026/07/16 15:32:21.305, NVIDIA GeForce RTX 3090, 12988 MiB, 24576 MiB, 100 %
2026/07/16 15:32:21.829, NVIDIA GeForce RTX 3090, 12988 MiB, 24576 MiB, 100 %
2026/07/16 15:32:22.353, NVIDIA GeForce RTX 3090, 12988 MiB, 24576 MiB, 100 %
2026/07/16 15:32:22.878, NVIDIA GeForce RTX 3090, 12988 MiB, 24576 MiB, 100 %
2026/07/16 15:32:23.403, NVIDIA GeForce RTX 3090, 12988 MiB, 24576 MiB, 100 %
2026/07/16 15:32:23.928, NVIDIA GeForce RTX 3090, 12988 MiB, 24576 MiB, 100 %
2026/07/16 15:32:24.452, NVIDIA GeForce RTX 3090, 12988 MiB, 24576 MiB, 100 %
2026/07/16 15:32:24.977, NVIDIA GeForce RTX 3090, 12988 MiB, 24576 MiB, 100 %
2026/07/16 15:32:25.502, NVIDIA GeForce RTX 3090, 12988 MiB, 24576 MiB, 95 %
2026/07/16 15:32:26.027, NVIDIA GeForce RTX 3090, 12988 MiB, 24576 MiB, 100 %
2026/07/16 15:32:26.551, NVIDIA GeForce RTX 3090, 12988 MiB, 24576 MiB, 100 %
2026/07/16 15:32:27.076, NVIDIA GeForce RTX 3090, 12988 MiB, 24576 MiB, 100 %
2026/07/16 15:32:27.600, NVIDIA GeForce RTX 3090, 12988 MiB, 24576 MiB, 100 %
2026/07/16 15:32:28.125, NVIDIA GeForce RTX 3090, 12988 MiB, 24576 MiB, 100 %
2026/07/16 15:32:28.649, NVIDIA GeForce RTX 3090, 12988 MiB, 24576 MiB, 100 %
2026/07/16 15:32:29.173, NVIDIA GeForce RTX 3090, 12988 MiB, 24576 MiB, 100 %
2026/07/16 15:32:29.697, NVIDIA GeForce RTX 3090, 12988 MiB, 24576 MiB, 100 %
2026/07/16 15:32:30.221, NVIDIA GeForce RTX 3090, 12988 MiB, 24576 MiB, 100 %
2026/07/16 15:32:30.746, NVIDIA GeForce RTX 3090, 12988 MiB, 24576 MiB, 100 %
2026/07/16 15:32:31.271, NVIDIA GeForce RTX 3090, 12988 MiB, 24576 MiB, 100 %
2026/07/16 15:32:31.796, NVIDIA GeForce RTX 3090, 12988 MiB, 24576 MiB, 100 %
2026/07/16 15:32:32.321, NVIDIA GeForce RTX 3090, 12988 MiB, 24576 MiB, 95 %
2026/07/16 15:32:32.846, NVIDIA GeForce RTX 3090, 12988 MiB, 24576 MiB, 100 %
2026/07/16 15:32:33.369, NVIDIA GeForce RTX 3090, 12988 MiB, 24576 MiB, 100 %
2026/07/16 15:32:33.894, NVIDIA GeForce RTX 3090, 12988 MiB, 24576 MiB, 100 %
2026/07/16 15:32:34.419, NVIDIA GeForce RTX 3090, 12988 MiB, 24576 MiB, 100 %
2026/07/16 15:32:34.944, NVIDIA GeForce RTX 3090, 12988 MiB, 24576 MiB, 100 %
2026/07/16 15:32:35.468, NVIDIA GeForce RTX 3090, 12988 MiB, 24576 MiB, 100 %
2026/07/16 15:32:35.992, NVIDIA GeForce RTX 3090, 12988 MiB, 24576 MiB, 100 %
2026/07/16 15:32:36.516, NVIDIA GeForce RTX 3090, 12988 MiB, 24576 MiB, 100 %
2026/07/16 15:32:37.040, NVIDIA GeForce RTX 3090, 12988 MiB, 24576 MiB, 100 %
2026/07/16 15:32:37.564, NVIDIA GeForce RTX 3090, 12988 MiB, 24576 MiB, 100 %
2026/07/16 15:32:38.089, NVIDIA GeForce RTX 3090, 12988 MiB, 24576 MiB, 100 %
2026/07/16 15:32:38.613, NVIDIA GeForce RTX 3090, 12988 MiB, 24576 MiB, 100 %
2026/07/16 15:32:39.137, NVIDIA GeForce RTX 3090, 12988 MiB, 24576 MiB, 95 %
2026/07/16 15:32:39.662, NVIDIA GeForce RTX 3090, 12988 MiB, 24576 MiB, 100 %
2026/07/16 15:32:40.188, NVIDIA GeForce RTX 3090, 12988 MiB, 24576 MiB, 100 %
2026/07/16 15:32:40.712, NVIDIA GeForce RTX 3090, 12988 MiB, 24576 MiB, 100 %
2026/07/16 15:32:41.236, NVIDIA GeForce RTX 3090, 12988 MiB, 24576 MiB, 100 %
2026/07/16 15:32:41.761, NVIDIA GeForce RTX 3090, 12988 MiB, 24576 MiB, 100 %
2026/07/16 15:32:42.285, NVIDIA GeForce RTX 3090, 12988 MiB, 24576 MiB, 100 %
2026/07/16 15:32:42.810, NVIDIA GeForce RTX 3090, 12988 MiB, 24576 MiB, 100 %
2026/07/16 15:32:43.334, NVIDIA GeForce RTX 3090, 12988 MiB, 24576 MiB, 100 %
2026/07/16 15:32:43.860, NVIDIA GeForce RTX 3090, 12988 MiB, 24576 MiB, 100 %
2026/07/16 15:32:44.385, NVIDIA GeForce RTX 3090, 12988 MiB, 24576 MiB, 100 %
2026/07/16 15:32:44.909, NVIDIA GeForce RTX 3090, 12988 MiB, 24576 MiB, 100 %
2026/07/16 15:32:45.435, NVIDIA GeForce RTX 3090, 12988 MiB, 24576 MiB, 100 %
2026/07/16 15:32:45.960, NVIDIA GeForce RTX 3090, 12988 MiB, 24576 MiB, 100 %
2026/07/16 15:32:46.486, NVIDIA GeForce RTX 3090, 12988 MiB, 24576 MiB, 100 %
2026/07/16 15:32:47.011, NVIDIA GeForce RTX 3090, 12988 MiB, 24576 MiB, 100 %
2026/07/16 15:32:47.535, NVIDIA GeForce RTX 3090, 12988 MiB, 24576 MiB, 100 %
2026/07/16 15:32:48.059, NVIDIA GeForce RTX 3090, 12988 MiB, 24576 MiB, 100 %
2026/07/16 15:32:48.583, NVIDIA GeForce RTX 3090, 12988 MiB, 24576 MiB, 100 %
2026/07/16 15:32:49.107, NVIDIA GeForce RTX 3090, 12988 MiB, 24576 MiB, 100 %
2026/07/16 15:32:49.632, NVIDIA GeForce RTX 3090, 12988 MiB, 24576 MiB, 100 %
2026/07/16 15:32:50.156, NVIDIA GeForce RTX 3090, 12988 MiB, 24576 MiB, 100 %
2026/07/16 15:32:50.683, NVIDIA GeForce RTX 3090, 12988 MiB, 24576 MiB, 100 %
2026/07/16 15:32:51.208, NVIDIA GeForce RTX 3090, 12988 MiB, 24576 MiB, 100 %
2026/07/16 15:32:51.733, NVIDIA GeForce RTX 3090, 12988 MiB, 24576 MiB, 100 %
2026/07/16 15:32:52.257, NVIDIA GeForce RTX 3090, 12988 MiB, 24576 MiB, 100 %
2026/07/16 15:32:52.782, NVIDIA GeForce RTX 3090, 12988 MiB, 24576 MiB, 97 %
2026/07/16 15:32:53.306, NVIDIA GeForce RTX 3090, 12988 MiB, 24576 MiB, 100 %
2026/07/16 15:32:53.832, NVIDIA GeForce RTX 3090, 12988 MiB, 24576 MiB, 100 %
2026/07/16 15:32:54.357, NVIDIA GeForce RTX 3090, 12988 MiB, 24576 MiB, 100 %
2026/07/16 15:32:54.883, NVIDIA GeForce RTX 3090, 12988 MiB, 24576 MiB, 100 %
2026/07/16 15:32:55.409, NVIDIA GeForce RTX 3090, 12988 MiB, 24576 MiB, 100 %
2026/07/16 15:32:55.934, NVIDIA GeForce RTX 3090, 12988 MiB, 24576 MiB, 100 %
2026/07/16 15:32:56.459, NVIDIA GeForce RTX 3090, 12988 MiB, 24576 MiB, 100 %
2026/07/16 15:32:56.985, NVIDIA GeForce RTX 3090, 12988 MiB, 24576 MiB, 100 %
2026/07/16 15:32:57.510, NVIDIA GeForce RTX 3090, 12988 MiB, 24576 MiB, 100 %
2026/07/16 15:32:58.034, NVIDIA GeForce RTX 3090, 12988 MiB, 24576 MiB, 100 %
2026/07/16 15:32:58.560, NVIDIA GeForce RTX 3090, 12988 MiB, 24576 MiB, 100 %
2026/07/16 15:32:59.084, NVIDIA GeForce RTX 3090, 12988 MiB, 24576 MiB, 100 %
2026/07/16 15:32:59.609, NVIDIA GeForce RTX 3090, 12988 MiB, 24576 MiB, 100 %
2026/07/16 15:33:00.135, NVIDIA GeForce RTX 3090, 12988 MiB, 24576 MiB, 100 %
2026/07/16 15:33:00.660, NVIDIA GeForce RTX 3090, 12988 MiB, 24576 MiB, 100 %
2026/07/16 15:33:01.184, NVIDIA GeForce RTX 3090, 12988 MiB, 24576 MiB, 100 %
2026/07/16 15:33:01.708, NVIDIA GeForce RTX 3090, 12988 MiB, 24576 MiB, 100 %
2026/07/16 15:33:02.234, NVIDIA GeForce RTX 3090, 12988 MiB, 24576 MiB, 100 %
2026/07/16 15:33:02.761, NVIDIA GeForce RTX 3090, 12988 MiB, 24576 MiB, 100 %
2026/07/16 15:33:03.285, NVIDIA GeForce RTX 3090, 12988 MiB, 24576 MiB, 100 %
2026/07/16 15:33:03.810, NVIDIA GeForce RTX 3090, 12988 MiB, 24576 MiB, 100 %
2026/07/16 15:33:04.334, NVIDIA GeForce RTX 3090, 12988 MiB, 24576 MiB, 95 %
2026/07/16 15:33:04.858, NVIDIA GeForce RTX 3090, 12988 MiB, 24576 MiB, 100 %
2026/07/16 15:33:05.382, NVIDIA GeForce RTX 3090, 12988 MiB, 24576 MiB, 100 %
2026/07/16 15:33:05.907, NVIDIA GeForce RTX 3090, 12988 MiB, 24576 MiB, 100 %
2026/07/16 15:33:06.431, NVIDIA GeForce RTX 3090, 12988 MiB, 24576 MiB, 100 %
2026/07/16 15:33:06.956, NVIDIA GeForce RTX 3090, 12988 MiB, 24576 MiB, 100 %
2026/07/16 15:33:07.480, NVIDIA GeForce RTX 3090, 12988 MiB, 24576 MiB, 100 %
2026/07/16 15:33:08.004, NVIDIA GeForce RTX 3090, 12988 MiB, 24576 MiB, 100 %
2026/07/16 15:33:08.530, NVIDIA GeForce RTX 3090, 12988 MiB, 24576 MiB, 100 %
2026/07/16 15:33:09.055, NVIDIA GeForce RTX 3090, 12988 MiB, 24576 MiB, 100 %
2026/07/16 15:33:09.582, NVIDIA GeForce RTX 3090, 12988 MiB, 24576 MiB, 100 %
2026/07/16 15:33:10.107, NVIDIA GeForce RTX 3090, 12988 MiB, 24576 MiB, 100 %
2026/07/16 15:33:10.632, NVIDIA GeForce RTX 3090, 12988 MiB, 24576 MiB, 100 %
2026/07/16 15:33:11.158, NVIDIA GeForce RTX 3090, 12988 MiB, 24576 MiB, 99 %
2026/07/16 15:33:11.682, NVIDIA GeForce RTX 3090, 12988 MiB, 24576 MiB, 100 %
2026/07/16 15:33:12.207, NVIDIA GeForce RTX 3090, 12988 MiB, 24576 MiB, 100 %
2026/07/16 15:33:12.731, NVIDIA GeForce RTX 3090, 12988 MiB, 24576 MiB, 100 %
2026/07/16 15:33:13.255, NVIDIA GeForce RTX 3090, 12988 MiB, 24576 MiB, 100 %
2026/07/16 15:33:13.781, NVIDIA GeForce RTX 3090, 12988 MiB, 24576 MiB, 100 %
2026/07/16 15:33:14.305, NVIDIA GeForce RTX 3090, 12988 MiB, 24576 MiB, 100 %
2026/07/16 15:33:14.829, NVIDIA GeForce RTX 3090, 12988 MiB, 24576 MiB, 100 %
2026/07/16 15:33:15.353, NVIDIA GeForce RTX 3090, 12988 MiB, 24576 MiB, 100 %
2026/07/16 15:33:15.878, NVIDIA GeForce RTX 3090, 12988 MiB, 24576 MiB, 100 %
2026/07/16 15:33:16.404, NVIDIA GeForce RTX 3090, 12988 MiB, 24576 MiB, 100 %
2026/07/16 15:33:16.929, NVIDIA GeForce RTX 3090, 12988 MiB, 24576 MiB, 100 %
2026/07/16 15:33:17.453, NVIDIA GeForce RTX 3090, 12988 MiB, 24576 MiB, 100 %
2026/07/16 15:33:17.977, NVIDIA GeForce RTX 3090, 12988 MiB, 24576 MiB, 95 %
2026/07/16 15:33:18.502, NVIDIA GeForce RTX 3090, 12988 MiB, 24576 MiB, 100 %
2026/07/16 15:33:19.026, NVIDIA GeForce RTX 3090, 12988 MiB, 24576 MiB, 100 %
2026/07/16 15:33:19.550, NVIDIA GeForce RTX 3090, 12988 MiB, 24576 MiB, 100 %
2026/07/16 15:33:20.074, NVIDIA GeForce RTX 3090, 12988 MiB, 24576 MiB, 100 %
2026/07/16 15:33:20.598, NVIDIA GeForce RTX 3090, 12988 MiB, 24576 MiB, 100 %
2026/07/16 15:33:21.123, NVIDIA GeForce RTX 3090, 12988 MiB, 24576 MiB, 100 %
2026/07/16 15:33:21.646, NVIDIA GeForce RTX 3090, 12988 MiB, 24576 MiB, 100 %
2026/07/16 15:33:22.170, NVIDIA GeForce RTX 3090, 12988 MiB, 24576 MiB, 100 %
2026/07/16 15:33:22.694, NVIDIA GeForce RTX 3090, 12988 MiB, 24576 MiB, 100 %
2026/07/16 15:33:23.218, NVIDIA GeForce RTX 3090, 12988 MiB, 24576 MiB, 100 %
2026/07/16 15:33:23.742, NVIDIA GeForce RTX 3090, 12988 MiB, 24576 MiB, 100 %
2026/07/16 15:33:24.266, NVIDIA GeForce RTX 3090, 12988 MiB, 24576 MiB, 100 %
2026/07/16 15:33:24.793, NVIDIA GeForce RTX 3090, 12988 MiB, 24576 MiB, 100 %
2026/07/16 15:33:25.317, NVIDIA GeForce RTX 3090, 12988 MiB, 24576 MiB, 100 %
2026/07/16 15:33:25.842, NVIDIA GeForce RTX 3090, 12988 MiB, 24576 MiB, 100 %
2026/07/16 15:33:26.367, NVIDIA GeForce RTX 3090, 12988 MiB, 24576 MiB, 100 %
2026/07/16 15:33:26.891, NVIDIA GeForce RTX 3090, 12988 MiB, 24576 MiB, 100 %
2026/07/16 15:33:27.416, NVIDIA GeForce RTX 3090, 12988 MiB, 24576 MiB, 100 %
2026/07/16 15:33:27.940, NVIDIA GeForce RTX 3090, 12988 MiB, 24576 MiB, 100 %
2026/07/16 15:33:28.464, NVIDIA GeForce RTX 3090, 12988 MiB, 24576 MiB, 100 %
2026/07/16 15:33:28.990, NVIDIA GeForce RTX 3090, 12988 MiB, 24576 MiB, 100 %
2026/07/16 15:33:29.514, NVIDIA GeForce RTX 3090, 12988 MiB, 24576 MiB, 95 %
2026/07/16 15:33:30.038, NVIDIA GeForce RTX 3090, 12988 MiB, 24576 MiB, 100 %
2026/07/16 15:33:30.564, NVIDIA GeForce RTX 3090, 12988 MiB, 24576 MiB, 100 %
2026/07/16 15:33:31.089, NVIDIA GeForce RTX 3090, 12988 MiB, 24576 MiB, 100 %
2026/07/16 15:33:31.614, NVIDIA GeForce RTX 3090, 12988 MiB, 24576 MiB, 100 %
2026/07/16 15:33:32.138, NVIDIA GeForce RTX 3090, 12988 MiB, 24576 MiB, 100 %
2026/07/16 15:33:32.663, NVIDIA GeForce RTX 3090, 12988 MiB, 24576 MiB, 100 %
2026/07/16 15:33:33.187, NVIDIA GeForce RTX 3090, 12988 MiB, 24576 MiB, 100 %
2026/07/16 15:33:33.711, NVIDIA GeForce RTX 3090, 12988 MiB, 24576 MiB, 100 %
2026/07/16 15:33:34.235, NVIDIA GeForce RTX 3090, 12988 MiB, 24576 MiB, 100 %
2026/07/16 15:33:34.759, NVIDIA GeForce RTX 3090, 12988 MiB, 24576 MiB, 100 %
2026/07/16 15:33:35.283, NVIDIA GeForce RTX 3090, 12988 MiB, 24576 MiB, 100 %
2026/07/16 15:33:35.808, NVIDIA GeForce RTX 3090, 12988 MiB, 24576 MiB, 100 %
2026/07/16 15:33:36.333, NVIDIA GeForce RTX 3090, 12988 MiB, 24576 MiB, 100 %
2026/07/16 15:33:36.856, NVIDIA GeForce RTX 3090, 12988 MiB, 24576 MiB, 100 %
2026/07/16 15:33:37.380, NVIDIA GeForce RTX 3090, 12988 MiB, 24576 MiB, 100 %
2026/07/16 15:33:37.905, NVIDIA GeForce RTX 3090, 12988 MiB, 24576 MiB, 100 %
2026/07/16 15:33:38.430, NVIDIA GeForce RTX 3090, 12988 MiB, 24576 MiB, 100 %
2026/07/16 15:33:38.955, NVIDIA GeForce RTX 3090, 12988 MiB, 24576 MiB, 100 %
2026/07/16 15:33:39.480, NVIDIA GeForce RTX 3090, 12988 MiB, 24576 MiB, 100 %
2026/07/16 15:33:40.005, NVIDIA GeForce RTX 3090, 12988 MiB, 24576 MiB, 100 %
2026/07/16 15:33:40.530, NVIDIA GeForce RTX 3090, 12988 MiB, 24576 MiB, 100 %
2026/07/16 15:33:41.054, NVIDIA GeForce RTX 3090, 12988 MiB, 24576 MiB, 100 %
2026/07/16 15:33:41.579, NVIDIA GeForce RTX 3090, 12988 MiB, 24576 MiB, 100 %
2026/07/16 15:33:42.104, NVIDIA GeForce RTX 3090, 12988 MiB, 24576 MiB, 100 %
2026/07/16 15:33:42.629, NVIDIA GeForce RTX 3090, 12988 MiB, 24576 MiB, 100 %
2026/07/16 15:33:43.153, NVIDIA GeForce RTX 3090, 12988 MiB, 24576 MiB, 95 %
2026/07/16 15:33:43.677, NVIDIA GeForce RTX 3090, 12988 MiB, 24576 MiB, 100 %
2026/07/16 15:33:44.203, NVIDIA GeForce RTX 3090, 12988 MiB, 24576 MiB, 100 %
2026/07/16 15:33:44.728, NVIDIA GeForce RTX 3090, 12988 MiB, 24576 MiB, 100 %
2026/07/16 15:33:45.252, NVIDIA GeForce RTX 3090, 12988 MiB, 24576 MiB, 100 %
2026/07/16 15:33:45.776, NVIDIA GeForce RTX 3090, 12988 MiB, 24576 MiB, 100 %
2026/07/16 15:33:46.301, NVIDIA GeForce RTX 3090, 12988 MiB, 24576 MiB, 100 %
2026/07/16 15:33:46.826, NVIDIA GeForce RTX 3090, 12988 MiB, 24576 MiB, 100 %
2026/07/16 15:33:47.352, NVIDIA GeForce RTX 3090, 12988 MiB, 24576 MiB, 100 %
2026/07/16 15:33:47.878, NVIDIA GeForce RTX 3090, 12988 MiB, 24576 MiB, 100 %
2026/07/16 15:33:48.403, NVIDIA GeForce RTX 3090, 12988 MiB, 24576 MiB, 100 %
2026/07/16 15:33:48.928, NVIDIA GeForce RTX 3090, 12988 MiB, 24576 MiB, 100 %
2026/07/16 15:33:49.452, NVIDIA GeForce RTX 3090, 12988 MiB, 24576 MiB, 100 %
2026/07/16 15:33:49.977, NVIDIA GeForce RTX 3090, 12988 MiB, 24576 MiB, 100 %
2026/07/16 15:33:50.503, NVIDIA GeForce RTX 3090, 12988 MiB, 24576 MiB, 100 %
2026/07/16 15:33:51.027, NVIDIA GeForce RTX 3090, 12988 MiB, 24576 MiB, 100 %
2026/07/16 15:33:51.553, NVIDIA GeForce RTX 3090, 12988 MiB, 24576 MiB, 100 %
2026/07/16 15:33:52.078, NVIDIA GeForce RTX 3090, 12988 MiB, 24576 MiB, 100 %
2026/07/16 15:33:52.604, NVIDIA GeForce RTX 3090, 12988 MiB, 24576 MiB, 100 %
2026/07/16 15:33:53.131, NVIDIA GeForce RTX 3090, 12988 MiB, 24576 MiB, 100 %
2026/07/16 15:33:53.655, NVIDIA GeForce RTX 3090, 12988 MiB, 24576 MiB, 100 %
2026/07/16 15:33:54.180, NVIDIA GeForce RTX 3090, 12988 MiB, 24576 MiB, 100 %
2026/07/16 15:33:54.705, NVIDIA GeForce RTX 3090, 12988 MiB, 24576 MiB, 95 %
2026/07/16 15:33:55.231, NVIDIA GeForce RTX 3090, 12988 MiB, 24576 MiB, 100 %
2026/07/16 15:33:55.755, NVIDIA GeForce RTX 3090, 12988 MiB, 24576 MiB, 100 %
2026/07/16 15:33:56.279, NVIDIA GeForce RTX 3090, 12988 MiB, 24576 MiB, 100 %
2026/07/16 15:33:56.802, NVIDIA GeForce RTX 3090, 12988 MiB, 24576 MiB, 100 %
2026/07/16 15:33:57.326, NVIDIA GeForce RTX 3090, 12988 MiB, 24576 MiB, 100 %
2026/07/16 15:33:57.850, NVIDIA GeForce RTX 3090, 12988 MiB, 24576 MiB, 100 %
2026/07/16 15:33:58.375, NVIDIA GeForce RTX 3090, 12988 MiB, 24576 MiB, 100 %
2026/07/16 15:33:58.899, NVIDIA GeForce RTX 3090, 12988 MiB, 24576 MiB, 100 %
2026/07/16 15:33:59.424, NVIDIA GeForce RTX 3090, 12988 MiB, 24576 MiB, 100 %
2026/07/16 15:33:59.948, NVIDIA GeForce RTX 3090, 12988 MiB, 24576 MiB, 100 %
2026/07/16 15:34:00.473, NVIDIA GeForce RTX 3090, 12988 MiB, 24576 MiB, 100 %
2026/07/16 15:34:00.998, NVIDIA GeForce RTX 3090, 12988 MiB, 24576 MiB, 100 %
2026/07/16 15:34:01.523, NVIDIA GeForce RTX 3090, 12988 MiB, 24576 MiB, 100 %
2026/07/16 15:34:02.048, NVIDIA GeForce RTX 3090, 12988 MiB, 24576 MiB, 100 %
2026/07/16 15:34:02.573, NVIDIA GeForce RTX 3090, 12988 MiB, 24576 MiB, 100 %
2026/07/16 15:34:03.097, NVIDIA GeForce RTX 3090, 12988 MiB, 24576 MiB, 100 %
2026/07/16 15:34:03.623, NVIDIA GeForce RTX 3090, 12988 MiB, 24576 MiB, 100 %
2026/07/16 15:34:04.148, NVIDIA GeForce RTX 3090, 12988 MiB, 24576 MiB, 100 %
2026/07/16 15:34:04.674, NVIDIA GeForce RTX 3090, 12988 MiB, 24576 MiB, 100 %
2026/07/16 15:34:05.199, NVIDIA GeForce RTX 3090, 12988 MiB, 24576 MiB, 100 %
2026/07/16 15:34:05.724, NVIDIA GeForce RTX 3090, 12988 MiB, 24576 MiB, 100 %
2026/07/16 15:34:06.249, NVIDIA GeForce RTX 3090, 12988 MiB, 24576 MiB, 100 %
2026/07/16 15:34:06.775, NVIDIA GeForce RTX 3090, 12988 MiB, 24576 MiB, 100 %
2026/07/16 15:34:07.299, NVIDIA GeForce RTX 3090, 12988 MiB, 24576 MiB, 100 %
2026/07/16 15:34:07.824, NVIDIA GeForce RTX 3090, 12988 MiB, 24576 MiB, 100 %
2026/07/16 15:34:08.349, NVIDIA GeForce RTX 3090, 12988 MiB, 24576 MiB, 100 %
2026/07/16 15:34:08.874, NVIDIA GeForce RTX 3090, 12988 MiB, 24576 MiB, 100 %
2026/07/16 15:34:09.398, NVIDIA GeForce RTX 3090, 12988 MiB, 24576 MiB, 100 %
2026/07/16 15:34:09.923, NVIDIA GeForce RTX 3090, 12988 MiB, 24576 MiB, 100 %
2026/07/16 15:34:10.447, NVIDIA GeForce RTX 3090, 12988 MiB, 24576 MiB, 100 %
2026/07/16 15:34:10.972, NVIDIA GeForce RTX 3090, 12988 MiB, 24576 MiB, 100 %
2026/07/16 15:34:11.497, NVIDIA GeForce RTX 3090, 12988 MiB, 24576 MiB, 100 %
2026/07/16 15:34:12.023, NVIDIA GeForce RTX 3090, 12988 MiB, 24576 MiB, 100 %
2026/07/16 15:34:12.547, NVIDIA GeForce RTX 3090, 12988 MiB, 24576 MiB, 100 %
2026/07/16 15:34:13.073, NVIDIA GeForce RTX 3090, 12988 MiB, 24576 MiB, 95 %
2026/07/16 15:34:13.598, NVIDIA GeForce RTX 3090, 12988 MiB, 24576 MiB, 100 %
2026/07/16 15:34:14.121, NVIDIA GeForce RTX 3090, 12988 MiB, 24576 MiB, 100 %
2026/07/16 15:34:14.645, NVIDIA GeForce RTX 3090, 12988 MiB, 24576 MiB, 100 %
2026/07/16 15:34:15.169, NVIDIA GeForce RTX 3090, 12988 MiB, 24576 MiB, 100 %
2026/07/16 15:34:15.694, NVIDIA GeForce RTX 3090, 12988 MiB, 24576 MiB, 100 %
2026/07/16 15:34:16.218, NVIDIA GeForce RTX 3090, 12988 MiB, 24576 MiB, 100 %
2026/07/16 15:34:16.744, NVIDIA GeForce RTX 3090, 12988 MiB, 24576 MiB, 100 %
2026/07/16 15:34:17.270, NVIDIA GeForce RTX 3090, 12988 MiB, 24576 MiB, 100 %
2026/07/16 15:34:17.795, NVIDIA GeForce RTX 3090, 12988 MiB, 24576 MiB, 100 %
2026/07/16 15:34:18.321, NVIDIA GeForce RTX 3090, 12988 MiB, 24576 MiB, 100 %
2026/07/16 15:34:18.845, NVIDIA GeForce RTX 3090, 12988 MiB, 24576 MiB, 100 %
2026/07/16 15:34:19.369, NVIDIA GeForce RTX 3090, 12988 MiB, 24576 MiB, 100 %
2026/07/16 15:34:19.894, NVIDIA GeForce RTX 3090, 12988 MiB, 24576 MiB, 100 %
2026/07/16 15:34:20.420, NVIDIA GeForce RTX 3090, 12988 MiB, 24576 MiB, 100 %
2026/07/16 15:34:20.944, NVIDIA GeForce RTX 3090, 12988 MiB, 24576 MiB, 100 %
2026/07/16 15:34:21.469, NVIDIA GeForce RTX 3090, 12988 MiB, 24576 MiB, 100 %
2026/07/16 15:34:21.995, NVIDIA GeForce RTX 3090, 12988 MiB, 24576 MiB, 100 %
2026/07/16 15:34:22.519, NVIDIA GeForce RTX 3090, 12988 MiB, 24576 MiB, 100 %
2026/07/16 15:34:23.045, NVIDIA GeForce RTX 3090, 12988 MiB, 24576 MiB, 100 %
2026/07/16 15:34:23.571, NVIDIA GeForce RTX 3090, 12988 MiB, 24576 MiB, 100 %
2026/07/16 15:34:24.096, NVIDIA GeForce RTX 3090, 12988 MiB, 24576 MiB, 100 %
2026/07/16 15:34:24.621, NVIDIA GeForce RTX 3090, 12988 MiB, 24576 MiB, 95 %
2026/07/16 15:34:25.146, NVIDIA GeForce RTX 3090, 12988 MiB, 24576 MiB, 100 %
2026/07/16 15:34:25.671, NVIDIA GeForce RTX 3090, 12988 MiB, 24576 MiB, 100 %
2026/07/16 15:34:26.196, NVIDIA GeForce RTX 3090, 12988 MiB, 24576 MiB, 100 %
2026/07/16 15:34:26.721, NVIDIA GeForce RTX 3090, 12988 MiB, 24576 MiB, 100 %
2026/07/16 15:34:27.247, NVIDIA GeForce RTX 3090, 12988 MiB, 24576 MiB, 100 %
2026/07/16 15:34:27.772, NVIDIA GeForce RTX 3090, 12988 MiB, 24576 MiB, 100 %
2026/07/16 15:34:28.296, NVIDIA GeForce RTX 3090, 12988 MiB, 24576 MiB, 100 %
2026/07/16 15:34:28.822, NVIDIA GeForce RTX 3090, 12988 MiB, 24576 MiB, 100 %
2026/07/16 15:34:29.348, NVIDIA GeForce RTX 3090, 12988 MiB, 24576 MiB, 100 %
2026/07/16 15:34:29.873, NVIDIA GeForce RTX 3090, 12988 MiB, 24576 MiB, 100 %
2026/07/16 15:34:30.397, NVIDIA GeForce RTX 3090, 12988 MiB, 24576 MiB, 100 %
2026/07/16 15:34:30.922, NVIDIA GeForce RTX 3090, 12988 MiB, 24576 MiB, 100 %
2026/07/16 15:34:31.446, NVIDIA GeForce RTX 3090, 12988 MiB, 24576 MiB, 95 %
2026/07/16 15:34:31.971, NVIDIA GeForce RTX 3090, 12988 MiB, 24576 MiB, 100 %
2026/07/16 15:34:32.495, NVIDIA GeForce RTX 3090, 12988 MiB, 24576 MiB, 100 %
2026/07/16 15:34:33.019, NVIDIA GeForce RTX 3090, 12988 MiB, 24576 MiB, 100 %
2026/07/16 15:34:33.543, NVIDIA GeForce RTX 3090, 12988 MiB, 24576 MiB, 100 %
2026/07/16 15:34:34.069, NVIDIA GeForce RTX 3090, 12988 MiB, 24576 MiB, 100 %
2026/07/16 15:34:34.593, NVIDIA GeForce RTX 3090, 12988 MiB, 24576 MiB, 100 %
2026/07/16 15:34:35.117, NVIDIA GeForce RTX 3090, 12988 MiB, 24576 MiB, 100 %
2026/07/16 15:34:35.641, NVIDIA GeForce RTX 3090, 12988 MiB, 24576 MiB, 100 %
2026/07/16 15:34:36.165, NVIDIA GeForce RTX 3090, 12988 MiB, 24576 MiB, 100 %
2026/07/16 15:34:36.690, NVIDIA GeForce RTX 3090, 12988 MiB, 24576 MiB, 100 %
2026/07/16 15:34:37.214, NVIDIA GeForce RTX 3090, 12988 MiB, 24576 MiB, 100 %
2026/07/16 15:34:37.738, NVIDIA GeForce RTX 3090, 12988 MiB, 24576 MiB, 100 %
2026/07/16 15:34:38.263, NVIDIA GeForce RTX 3090, 12988 MiB, 24576 MiB, 100 %
2026/07/16 15:34:38.787, NVIDIA GeForce RTX 3090, 12988 MiB, 24576 MiB, 100 %
2026/07/16 15:34:39.311, NVIDIA GeForce RTX 3090, 12988 MiB, 24576 MiB, 100 %
2026/07/16 15:34:39.836, NVIDIA GeForce RTX 3090, 12988 MiB, 24576 MiB, 100 %
2026/07/16 15:34:40.361, NVIDIA GeForce RTX 3090, 12988 MiB, 24576 MiB, 100 %
2026/07/16 15:34:40.886, NVIDIA GeForce RTX 3090, 12988 MiB, 24576 MiB, 100 %
2026/07/16 15:34:41.411, NVIDIA GeForce RTX 3090, 12988 MiB, 24576 MiB, 100 %
2026/07/16 15:34:41.934, NVIDIA GeForce RTX 3090, 12988 MiB, 24576 MiB, 100 %
2026/07/16 15:34:42.459, NVIDIA GeForce RTX 3090, 12988 MiB, 24576 MiB, 100 %
2026/07/16 15:34:42.984, NVIDIA GeForce RTX 3090, 12988 MiB, 24576 MiB, 95 %
2026/07/16 15:34:43.509, NVIDIA GeForce RTX 3090, 12988 MiB, 24576 MiB, 100 %
2026/07/16 15:34:44.033, NVIDIA GeForce RTX 3090, 12988 MiB, 24576 MiB, 100 %
2026/07/16 15:34:44.558, NVIDIA GeForce RTX 3090, 12988 MiB, 24576 MiB, 100 %
2026/07/16 15:34:45.082, NVIDIA GeForce RTX 3090, 12988 MiB, 24576 MiB, 100 %
2026/07/16 15:34:45.607, NVIDIA GeForce RTX 3090, 12988 MiB, 24576 MiB, 100 %
2026/07/16 15:34:46.132, NVIDIA GeForce RTX 3090, 12988 MiB, 24576 MiB, 100 %
2026/07/16 15:34:46.656, NVIDIA GeForce RTX 3090, 12988 MiB, 24576 MiB, 100 %
2026/07/16 15:34:47.181, NVIDIA GeForce RTX 3090, 12988 MiB, 24576 MiB, 100 %
2026/07/16 15:34:47.705, NVIDIA GeForce RTX 3090, 12988 MiB, 24576 MiB, 100 %
2026/07/16 15:34:48.229, NVIDIA GeForce RTX 3090, 12988 MiB, 24576 MiB, 100 %
2026/07/16 15:34:48.753, NVIDIA GeForce RTX 3090, 12988 MiB, 24576 MiB, 100 %
2026/07/16 15:34:49.278, NVIDIA GeForce RTX 3090, 12988 MiB, 24576 MiB, 100 %
2026/07/16 15:34:49.803, NVIDIA GeForce RTX 3090, 12988 MiB, 24576 MiB, 100 %
2026/07/16 15:34:50.328, NVIDIA GeForce RTX 3090, 12988 MiB, 24576 MiB, 100 %
2026/07/16 15:34:50.852, NVIDIA GeForce RTX 3090, 12988 MiB, 24576 MiB, 100 %
2026/07/16 15:34:51.377, NVIDIA GeForce RTX 3090, 12988 MiB, 24576 MiB, 100 %
2026/07/16 15:34:51.902, NVIDIA GeForce RTX 3090, 12988 MiB, 24576 MiB, 100 %
2026/07/16 15:34:52.426, NVIDIA GeForce RTX 3090, 12988 MiB, 24576 MiB, 100 %
2026/07/16 15:34:52.951, NVIDIA GeForce RTX 3090, 12988 MiB, 24576 MiB, 100 %
2026/07/16 15:34:53.476, NVIDIA GeForce RTX 3090, 12988 MiB, 24576 MiB, 100 %
2026/07/16 15:34:54.001, NVIDIA GeForce RTX 3090, 12988 MiB, 24576 MiB, 100 %
2026/07/16 15:34:54.526, NVIDIA GeForce RTX 3090, 12988 MiB, 24576 MiB, 100 %
2026/07/16 15:34:55.051, NVIDIA GeForce RTX 3090, 12988 MiB, 24576 MiB, 100 %
2026/07/16 15:34:55.575, NVIDIA GeForce RTX 3090, 12988 MiB, 24576 MiB, 100 %
2026/07/16 15:34:56.100, NVIDIA GeForce RTX 3090, 12988 MiB, 24576 MiB, 100 %
2026/07/16 15:34:56.624, NVIDIA GeForce RTX 3090, 12988 MiB, 24576 MiB, 100 %
2026/07/16 15:34:57.148, NVIDIA GeForce RTX 3090, 12988 MiB, 24576 MiB, 100 %
2026/07/16 15:34:57.673, NVIDIA GeForce RTX 3090, 12988 MiB, 24576 MiB, 100 %
2026/07/16 15:34:58.198, NVIDIA GeForce RTX 3090, 12988 MiB, 24576 MiB, 100 %
2026/07/16 15:34:58.722, NVIDIA GeForce RTX 3090, 12988 MiB, 24576 MiB, 100 %
2026/07/16 15:34:59.246, NVIDIA GeForce RTX 3090, 12988 MiB, 24576 MiB, 100 %
2026/07/16 15:34:59.771, NVIDIA GeForce RTX 3090, 12988 MiB, 24576 MiB, 100 %
2026/07/16 15:35:00.295, NVIDIA GeForce RTX 3090, 12988 MiB, 24576 MiB, 100 %
2026/07/16 15:35:00.819, NVIDIA GeForce RTX 3090, 12988 MiB, 24576 MiB, 100 %
2026/07/16 15:35:01.345, NVIDIA GeForce RTX 3090, 12988 MiB, 24576 MiB, 95 %
2026/07/16 15:35:01.870, NVIDIA GeForce RTX 3090, 12988 MiB, 24576 MiB, 100 %
2026/07/16 15:35:02.395, NVIDIA GeForce RTX 3090, 12988 MiB, 24576 MiB, 100 %
2026/07/16 15:35:02.920, NVIDIA GeForce RTX 3090, 12988 MiB, 24576 MiB, 100 %
2026/07/16 15:35:03.444, NVIDIA GeForce RTX 3090, 12988 MiB, 24576 MiB, 100 %
2026/07/16 15:35:03.968, NVIDIA GeForce RTX 3090, 12988 MiB, 24576 MiB, 100 %
2026/07/16 15:35:04.494, NVIDIA GeForce RTX 3090, 12988 MiB, 24576 MiB, 100 %
2026/07/16 15:35:05.018, NVIDIA GeForce RTX 3090, 12988 MiB, 24576 MiB, 100 %
2026/07/16 15:35:05.542, NVIDIA GeForce RTX 3090, 12988 MiB, 24576 MiB, 100 %
2026/07/16 15:35:06.066, NVIDIA GeForce RTX 3090, 12988 MiB, 24576 MiB, 100 %
2026/07/16 15:35:06.591, NVIDIA GeForce RTX 3090, 12988 MiB, 24576 MiB, 100 %
2026/07/16 15:35:07.116, NVIDIA GeForce RTX 3090, 12988 MiB, 24576 MiB, 100 %
2026/07/16 15:35:07.640, NVIDIA GeForce RTX 3090, 12988 MiB, 24576 MiB, 100 %
2026/07/16 15:35:08.165, NVIDIA GeForce RTX 3090, 12988 MiB, 24576 MiB, 100 %
2026/07/16 15:35:08.689, NVIDIA GeForce RTX 3090, 12988 MiB, 24576 MiB, 100 %
2026/07/16 15:35:09.215, NVIDIA GeForce RTX 3090, 12988 MiB, 24576 MiB, 100 %
2026/07/16 15:35:09.739, NVIDIA GeForce RTX 3090, 12988 MiB, 24576 MiB, 100 %
2026/07/16 15:35:10.265, NVIDIA GeForce RTX 3090, 12988 MiB, 24576 MiB, 100 %
2026/07/16 15:35:10.789, NVIDIA GeForce RTX 3090, 12988 MiB, 24576 MiB, 100 %
2026/07/16 15:35:11.314, NVIDIA GeForce RTX 3090, 12988 MiB, 24576 MiB, 100 %
2026/07/16 15:35:11.837, NVIDIA GeForce RTX 3090, 12988 MiB, 24576 MiB, 100 %
2026/07/16 15:35:12.363, NVIDIA GeForce RTX 3090, 12988 MiB, 24576 MiB, 100 %
2026/07/16 15:35:12.887, NVIDIA GeForce RTX 3090, 12988 MiB, 24576 MiB, 95 %
2026/07/16 15:35:13.412, NVIDIA GeForce RTX 3090, 12988 MiB, 24576 MiB, 100 %
2026/07/16 15:35:13.936, NVIDIA GeForce RTX 3090, 12988 MiB, 24576 MiB, 100 %
2026/07/16 15:35:14.460, NVIDIA GeForce RTX 3090, 12988 MiB, 24576 MiB, 100 %
2026/07/16 15:35:14.984, NVIDIA GeForce RTX 3090, 12988 MiB, 24576 MiB, 100 %
2026/07/16 15:35:15.509, NVIDIA GeForce RTX 3090, 12988 MiB, 24576 MiB, 100 %
2026/07/16 15:35:16.033, NVIDIA GeForce RTX 3090, 12988 MiB, 24576 MiB, 100 %
2026/07/16 15:35:16.558, NVIDIA GeForce RTX 3090, 12988 MiB, 24576 MiB, 100 %
2026/07/16 15:35:17.081, NVIDIA GeForce RTX 3090, 12988 MiB, 24576 MiB, 100 %
2026/07/16 15:35:17.606, NVIDIA GeForce RTX 3090, 12988 MiB, 24576 MiB, 100 %
2026/07/16 15:35:18.132, NVIDIA GeForce RTX 3090, 12988 MiB, 24576 MiB, 100 %
2026/07/16 15:35:18.657, NVIDIA GeForce RTX 3090, 12988 MiB, 24576 MiB, 100 %
2026/07/16 15:35:19.181, NVIDIA GeForce RTX 3090, 12988 MiB, 24576 MiB, 100 %
2026/07/16 15:35:19.707, NVIDIA GeForce RTX 3090, 12988 MiB, 24576 MiB, 100 %
2026/07/16 15:35:20.233, NVIDIA GeForce RTX 3090, 12988 MiB, 24576 MiB, 100 %
2026/07/16 15:35:20.759, NVIDIA GeForce RTX 3090, 12988 MiB, 24576 MiB, 100 %
2026/07/16 15:35:21.284, NVIDIA GeForce RTX 3090, 12988 MiB, 24576 MiB, 100 %
2026/07/16 15:35:21.807, NVIDIA GeForce RTX 3090, 12988 MiB, 24576 MiB, 100 %
2026/07/16 15:35:22.333, NVIDIA GeForce RTX 3090, 12988 MiB, 24576 MiB, 100 %
2026/07/16 15:35:22.858, NVIDIA GeForce RTX 3090, 12988 MiB, 24576 MiB, 100 %
2026/07/16 15:35:23.382, NVIDIA GeForce RTX 3090, 12988 MiB, 24576 MiB, 100 %
2026/07/16 15:35:23.909, NVIDIA GeForce RTX 3090, 12988 MiB, 24576 MiB, 100 %
2026/07/16 15:35:24.433, NVIDIA GeForce RTX 3090, 12988 MiB, 24576 MiB, 100 %
2026/07/16 15:35:24.958, NVIDIA GeForce RTX 3090, 12988 MiB, 24576 MiB, 100 %
2026/07/16 15:35:25.482, NVIDIA GeForce RTX 3090, 12988 MiB, 24576 MiB, 100 %
2026/07/16 15:35:26.006, NVIDIA GeForce RTX 3090, 12988 MiB, 24576 MiB, 100 %
2026/07/16 15:35:26.530, NVIDIA GeForce RTX 3090, 12988 MiB, 24576 MiB, 100 %
2026/07/16 15:35:27.055, NVIDIA GeForce RTX 3090, 12988 MiB, 24576 MiB, 100 %
2026/07/16 15:35:27.581, NVIDIA GeForce RTX 3090, 12988 MiB, 24576 MiB, 100 %
2026/07/16 15:35:28.106, NVIDIA GeForce RTX 3090, 12988 MiB, 24576 MiB, 100 %
2026/07/16 15:35:28.631, NVIDIA GeForce RTX 3090, 12988 MiB, 24576 MiB, 100 %
2026/07/16 15:35:29.158, NVIDIA GeForce RTX 3090, 12988 MiB, 24576 MiB, 100 %
2026/07/16 15:35:29.683, NVIDIA GeForce RTX 3090, 12988 MiB, 24576 MiB, 100 %
2026/07/16 15:35:30.207, NVIDIA GeForce RTX 3090, 12988 MiB, 24576 MiB, 100 %
2026/07/16 15:35:30.732, NVIDIA GeForce RTX 3090, 12988 MiB, 24576 MiB, 100 %
2026/07/16 15:35:31.257, NVIDIA GeForce RTX 3090, 12988 MiB, 24576 MiB, 95 %
2026/07/16 15:35:31.784, NVIDIA GeForce RTX 3090, 12988 MiB, 24576 MiB, 100 %
2026/07/16 15:35:32.311, NVIDIA GeForce RTX 3090, 12988 MiB, 24576 MiB, 100 %
2026/07/16 15:35:32.837, NVIDIA GeForce RTX 3090, 12988 MiB, 24576 MiB, 100 %
2026/07/16 15:35:33.361, NVIDIA GeForce RTX 3090, 12988 MiB, 24576 MiB, 100 %
2026/07/16 15:35:33.886, NVIDIA GeForce RTX 3090, 12988 MiB, 24576 MiB, 100 %
2026/07/16 15:35:34.411, NVIDIA GeForce RTX 3090, 12988 MiB, 24576 MiB, 100 %
2026/07/16 15:35:34.936, NVIDIA GeForce RTX 3090, 12988 MiB, 24576 MiB, 100 %
2026/07/16 15:35:35.460, NVIDIA GeForce RTX 3090, 12988 MiB, 24576 MiB, 100 %
2026/07/16 15:35:35.984, NVIDIA GeForce RTX 3090, 12988 MiB, 24576 MiB, 100 %
2026/07/16 15:35:36.509, NVIDIA GeForce RTX 3090, 12988 MiB, 24576 MiB, 100 %
2026/07/16 15:35:37.034, NVIDIA GeForce RTX 3090, 12988 MiB, 24576 MiB, 100 %
2026/07/16 15:35:37.557, NVIDIA GeForce RTX 3090, 12988 MiB, 24576 MiB, 100 %
2026/07/16 15:35:38.082, NVIDIA GeForce RTX 3090, 12988 MiB, 24576 MiB, 100 %
2026/07/16 15:35:38.607, NVIDIA GeForce RTX 3090, 12988 MiB, 24576 MiB, 100 %
2026/07/16 15:35:39.131, NVIDIA GeForce RTX 3090, 12988 MiB, 24576 MiB, 100 %
2026/07/16 15:35:39.656, NVIDIA GeForce RTX 3090, 12988 MiB, 24576 MiB, 100 %
2026/07/16 15:35:40.181, NVIDIA GeForce RTX 3090, 12988 MiB, 24576 MiB, 100 %
2026/07/16 15:35:40.705, NVIDIA GeForce RTX 3090, 12988 MiB, 24576 MiB, 100 %
2026/07/16 15:35:41.230, NVIDIA GeForce RTX 3090, 12988 MiB, 24576 MiB, 100 %
2026/07/16 15:35:41.754, NVIDIA GeForce RTX 3090, 12988 MiB, 24576 MiB, 100 %
2026/07/16 15:35:42.278, NVIDIA GeForce RTX 3090, 12988 MiB, 24576 MiB, 100 %
2026/07/16 15:35:42.802, NVIDIA GeForce RTX 3090, 12988 MiB, 24576 MiB, 95 %
2026/07/16 15:35:43.326, NVIDIA GeForce RTX 3090, 12988 MiB, 24576 MiB, 100 %
2026/07/16 15:35:43.851, NVIDIA GeForce RTX 3090, 12988 MiB, 24576 MiB, 100 %
2026/07/16 15:35:44.375, NVIDIA GeForce RTX 3090, 12988 MiB, 24576 MiB, 100 %
2026/07/16 15:35:44.900, NVIDIA GeForce RTX 3090, 12988 MiB, 24576 MiB, 100 %
2026/07/16 15:35:45.425, NVIDIA GeForce RTX 3090, 12988 MiB, 24576 MiB, 100 %
2026/07/16 15:35:45.949, NVIDIA GeForce RTX 3090, 12988 MiB, 24576 MiB, 100 %
2026/07/16 15:35:46.474, NVIDIA GeForce RTX 3090, 12988 MiB, 24576 MiB, 100 %
2026/07/16 15:35:46.998, NVIDIA GeForce RTX 3090, 12988 MiB, 24576 MiB, 100 %
2026/07/16 15:35:47.523, NVIDIA GeForce RTX 3090, 12988 MiB, 24576 MiB, 100 %
2026/07/16 15:35:48.049, NVIDIA GeForce RTX 3090, 12988 MiB, 24576 MiB, 100 %
2026/07/16 15:35:48.574, NVIDIA GeForce RTX 3090, 12988 MiB, 24576 MiB, 100 %
2026/07/16 15:35:49.099, NVIDIA GeForce RTX 3090, 12988 MiB, 24576 MiB, 100 %
2026/07/16 15:35:49.623, NVIDIA GeForce RTX 3090, 12988 MiB, 24576 MiB, 95 %
2026/07/16 15:35:50.147, NVIDIA GeForce RTX 3090, 12988 MiB, 24576 MiB, 100 %
2026/07/16 15:35:50.673, NVIDIA GeForce RTX 3090, 12988 MiB, 24576 MiB, 100 %
2026/07/16 15:35:51.197, NVIDIA GeForce RTX 3090, 12988 MiB, 24576 MiB, 100 %
2026/07/16 15:35:51.721, NVIDIA GeForce RTX 3090, 12988 MiB, 24576 MiB, 100 %
2026/07/16 15:35:52.247, NVIDIA GeForce RTX 3090, 12988 MiB, 24576 MiB, 100 %
2026/07/16 15:35:52.771, NVIDIA GeForce RTX 3090, 12988 MiB, 24576 MiB, 100 %
2026/07/16 15:35:53.296, NVIDIA GeForce RTX 3090, 12988 MiB, 24576 MiB, 100 %
2026/07/16 15:35:53.819, NVIDIA GeForce RTX 3090, 12988 MiB, 24576 MiB, 100 %
2026/07/16 15:35:54.344, NVIDIA GeForce RTX 3090, 12988 MiB, 24576 MiB, 95 %
2026/07/16 15:35:54.870, NVIDIA GeForce RTX 3090, 12988 MiB, 24576 MiB, 100 %
2026/07/16 15:35:55.394, NVIDIA GeForce RTX 3090, 12988 MiB, 24576 MiB, 100 %
2026/07/16 15:35:55.918, NVIDIA GeForce RTX 3090, 12988 MiB, 24576 MiB, 100 %
2026/07/16 15:35:56.443, NVIDIA GeForce RTX 3090, 12988 MiB, 24576 MiB, 100 %
2026/07/16 15:35:56.967, NVIDIA GeForce RTX 3090, 12988 MiB, 24576 MiB, 100 %
2026/07/16 15:35:57.493, NVIDIA GeForce RTX 3090, 12988 MiB, 24576 MiB, 100 %
2026/07/16 15:35:58.018, NVIDIA GeForce RTX 3090, 12988 MiB, 24576 MiB, 100 %
2026/07/16 15:35:58.543, NVIDIA GeForce RTX 3090, 12988 MiB, 24576 MiB, 100 %
2026/07/16 15:35:59.067, NVIDIA GeForce RTX 3090, 12988 MiB, 24576 MiB, 100 %
2026/07/16 15:35:59.593, NVIDIA GeForce RTX 3090, 12988 MiB, 24576 MiB, 100 %
2026/07/16 15:36:00.117, NVIDIA GeForce RTX 3090, 12988 MiB, 24576 MiB, 100 %
2026/07/16 15:36:00.642, NVIDIA GeForce RTX 3090, 12988 MiB, 24576 MiB, 100 %
2026/07/16 15:36:01.166, NVIDIA GeForce RTX 3090, 12988 MiB, 24576 MiB, 100 %
2026/07/16 15:36:01.693, NVIDIA GeForce RTX 3090, 12988 MiB, 24576 MiB, 100 %
2026/07/16 15:36:02.217, NVIDIA GeForce RTX 3090, 12988 MiB, 24576 MiB, 100 %
2026/07/16 15:36:02.742, NVIDIA GeForce RTX 3090, 12988 MiB, 24576 MiB, 100 %
2026/07/16 15:36:03.265, NVIDIA GeForce RTX 3090, 12988 MiB, 24576 MiB, 100 %
2026/07/16 15:36:03.790, NVIDIA GeForce RTX 3090, 12988 MiB, 24576 MiB, 100 %
2026/07/16 15:36:04.314, NVIDIA GeForce RTX 3090, 12988 MiB, 24576 MiB, 100 %
2026/07/16 15:36:04.839, NVIDIA GeForce RTX 3090, 12988 MiB, 24576 MiB, 100 %
2026/07/16 15:36:05.362, NVIDIA GeForce RTX 3090, 12988 MiB, 24576 MiB, 100 %
2026/07/16 15:36:05.886, NVIDIA GeForce RTX 3090, 12988 MiB, 24576 MiB, 95 %
2026/07/16 15:36:06.410, NVIDIA GeForce RTX 3090, 12988 MiB, 24576 MiB, 100 %
2026/07/16 15:36:06.935, NVIDIA GeForce RTX 3090, 12988 MiB, 24576 MiB, 100 %
2026/07/16 15:36:07.459, NVIDIA GeForce RTX 3090, 12988 MiB, 24576 MiB, 100 %
2026/07/16 15:36:07.982, NVIDIA GeForce RTX 3090, 12988 MiB, 24576 MiB, 100 %
2026/07/16 15:36:08.507, NVIDIA GeForce RTX 3090, 12988 MiB, 24576 MiB, 100 %
2026/07/16 15:36:09.032, NVIDIA GeForce RTX 3090, 12988 MiB, 24576 MiB, 100 %
2026/07/16 15:36:09.557, NVIDIA GeForce RTX 3090, 12988 MiB, 24576 MiB, 100 %
2026/07/16 15:36:10.081, NVIDIA GeForce RTX 3090, 12988 MiB, 24576 MiB, 100 %
2026/07/16 15:36:10.606, NVIDIA GeForce RTX 3090, 12988 MiB, 24576 MiB, 100 %
2026/07/16 15:36:11.130, NVIDIA GeForce RTX 3090, 12988 MiB, 24576 MiB, 100 %
2026/07/16 15:36:11.655, NVIDIA GeForce RTX 3090, 12988 MiB, 24576 MiB, 100 %
2026/07/16 15:36:12.180, NVIDIA GeForce RTX 3090, 12988 MiB, 24576 MiB, 100 %
2026/07/16 15:36:12.704, NVIDIA GeForce RTX 3090, 12988 MiB, 24576 MiB, 94 %
2026/07/16 15:36:13.228, NVIDIA GeForce RTX 3090, 12988 MiB, 24576 MiB, 100 %
2026/07/16 15:36:13.753, NVIDIA GeForce RTX 3090, 12988 MiB, 24576 MiB, 100 %
2026/07/16 15:36:14.278, NVIDIA GeForce RTX 3090, 12988 MiB, 24576 MiB, 100 %
2026/07/16 15:36:14.802, NVIDIA GeForce RTX 3090, 12988 MiB, 24576 MiB, 100 %
2026/07/16 15:36:15.326, NVIDIA GeForce RTX 3090, 12988 MiB, 24576 MiB, 100 %
2026/07/16 15:36:15.851, NVIDIA GeForce RTX 3090, 12988 MiB, 24576 MiB, 100 %
2026/07/16 15:36:16.376, NVIDIA GeForce RTX 3090, 12988 MiB, 24576 MiB, 100 %
2026/07/16 15:36:16.900, NVIDIA GeForce RTX 3090, 12988 MiB, 24576 MiB, 100 %
2026/07/16 15:36:17.425, NVIDIA GeForce RTX 3090, 12988 MiB, 24576 MiB, 94 %
2026/07/16 15:36:17.949, NVIDIA GeForce RTX 3090, 12988 MiB, 24576 MiB, 100 %
2026/07/16 15:36:18.473, NVIDIA GeForce RTX 3090, 12988 MiB, 24576 MiB, 100 %
2026/07/16 15:36:18.997, NVIDIA GeForce RTX 3090, 12988 MiB, 24576 MiB, 100 %
2026/07/16 15:36:19.522, NVIDIA GeForce RTX 3090, 12988 MiB, 24576 MiB, 100 %
2026/07/16 15:36:20.047, NVIDIA GeForce RTX 3090, 12988 MiB, 24576 MiB, 100 %
2026/07/16 15:36:20.572, NVIDIA GeForce RTX 3090, 12988 MiB, 24576 MiB, 100 %
2026/07/16 15:36:21.096, NVIDIA GeForce RTX 3090, 12988 MiB, 24576 MiB, 100 %
2026/07/16 15:36:21.621, NVIDIA GeForce RTX 3090, 12988 MiB, 24576 MiB, 100 %
2026/07/16 15:36:22.148, NVIDIA GeForce RTX 3090, 12988 MiB, 24576 MiB, 100 %
2026/07/16 15:36:22.672, NVIDIA GeForce RTX 3090, 12988 MiB, 24576 MiB, 100 %
2026/07/16 15:36:23.198, NVIDIA GeForce RTX 3090, 12988 MiB, 24576 MiB, 100 %
2026/07/16 15:36:23.721, NVIDIA GeForce RTX 3090, 12988 MiB, 24576 MiB, 100 %
2026/07/16 15:36:24.248, NVIDIA GeForce RTX 3090, 16574 MiB, 24576 MiB, 100 %
2026/07/16 15:36:24.774, NVIDIA GeForce RTX 3090, 16574 MiB, 24576 MiB, 100 %
2026/07/16 15:36:25.300, NVIDIA GeForce RTX 3090, 16576 MiB, 24576 MiB, 99 %
2026/07/16 15:36:25.825, NVIDIA GeForce RTX 3090, 16576 MiB, 24576 MiB, 100 %
2026/07/16 15:36:26.349, NVIDIA GeForce RTX 3090, 16576 MiB, 24576 MiB, 100 %
2026/07/16 15:36:26.875, NVIDIA GeForce RTX 3090, 16576 MiB, 24576 MiB, 100 %
2026/07/16 15:36:27.400, NVIDIA GeForce RTX 3090, 16576 MiB, 24576 MiB, 100 %
2026/07/16 15:36:27.926, NVIDIA GeForce RTX 3090, 16576 MiB, 24576 MiB, 100 %
2026/07/16 15:36:28.452, NVIDIA GeForce RTX 3090, 16576 MiB, 24576 MiB, 100 %
2026/07/16 15:36:28.975, NVIDIA GeForce RTX 3090, 16576 MiB, 24576 MiB, 100 %
2026/07/16 15:36:29.499, NVIDIA GeForce RTX 3090, 16576 MiB, 24576 MiB, 100 %
2026/07/16 15:36:30.023, NVIDIA GeForce RTX 3090, 16576 MiB, 24576 MiB, 100 %
2026/07/16 15:36:30.548, NVIDIA GeForce RTX 3090, 16576 MiB, 24576 MiB, 100 %
2026/07/16 15:36:31.075, NVIDIA GeForce RTX 3090, 16576 MiB, 24576 MiB, 100 %
2026/07/16 15:36:31.602, NVIDIA GeForce RTX 3090, 16576 MiB, 24576 MiB, 100 %
2026/07/16 15:36:32.128, NVIDIA GeForce RTX 3090, 16576 MiB, 24576 MiB, 100 %
2026/07/16 15:36:32.651, NVIDIA GeForce RTX 3090, 16576 MiB, 24576 MiB, 100 %
2026/07/16 15:36:33.178, NVIDIA GeForce RTX 3090, 16576 MiB, 24576 MiB, 100 %
2026/07/16 15:36:33.705, NVIDIA GeForce RTX 3090, 16576 MiB, 24576 MiB, 100 %
2026/07/16 15:36:34.231, NVIDIA GeForce RTX 3090, 16576 MiB, 24576 MiB, 100 %
2026/07/16 15:36:34.757, NVIDIA GeForce RTX 3090, 16576 MiB, 24576 MiB, 100 %
2026/07/16 15:36:35.282, NVIDIA GeForce RTX 3090, 16576 MiB, 24576 MiB, 100 %
2026/07/16 15:36:35.807, NVIDIA GeForce RTX 3090, 16576 MiB, 24576 MiB, 100 %
2026/07/16 15:36:36.332, NVIDIA GeForce RTX 3090, 16576 MiB, 24576 MiB, 100 %
2026/07/16 15:36:36.856, NVIDIA GeForce RTX 3090, 16576 MiB, 24576 MiB, 100 %
2026/07/16 15:36:37.379, NVIDIA GeForce RTX 3090, 16576 MiB, 24576 MiB, 100 %
2026/07/16 15:36:37.904, NVIDIA GeForce RTX 3090, 16576 MiB, 24576 MiB, 100 %
2026/07/16 15:36:38.432, NVIDIA GeForce RTX 3090, 16576 MiB, 24576 MiB, 100 %
2026/07/16 15:36:38.956, NVIDIA GeForce RTX 3090, 16576 MiB, 24576 MiB, 100 %
2026/07/16 15:36:39.483, NVIDIA GeForce RTX 3090, 16576 MiB, 24576 MiB, 96 %
2026/07/16 15:36:40.017, NVIDIA GeForce RTX 3090, 16576 MiB, 24576 MiB, 84 %
2026/07/16 15:36:40.545, NVIDIA GeForce RTX 3090, 16576 MiB, 24576 MiB, 35 %
2026/07/16 15:36:41.068, NVIDIA GeForce RTX 3090, 16578 MiB, 24576 MiB, 100 %
2026/07/16 15:36:41.593, NVIDIA GeForce RTX 3090, 16578 MiB, 24576 MiB, 100 %
2026/07/16 15:36:42.118, NVIDIA GeForce RTX 3090, 16578 MiB, 24576 MiB, 27 %
2026/07/16 15:36:42.644, NVIDIA GeForce RTX 3090, 16578 MiB, 24576 MiB, 0 %
2026/07/16 15:36:43.167, NVIDIA GeForce RTX 3090, 16578 MiB, 24576 MiB, 0 %
2026/07/16 15:36:43.693, NVIDIA GeForce RTX 3090, 16578 MiB, 24576 MiB, 0 %
2026/07/16 15:36:44.222, NVIDIA GeForce RTX 3090, 16578 MiB, 24576 MiB, 0 %
2026/07/16 15:36:44.748, NVIDIA GeForce RTX 3090, 16578 MiB, 24576 MiB, 0 %
2026/07/16 15:36:45.271, NVIDIA GeForce RTX 3090, 16578 MiB, 24576 MiB, 0 %
2026/07/16 15:36:45.793, NVIDIA GeForce RTX 3090, 16578 MiB, 24576 MiB, 0 %
